{
	"info": {
		"_postman_id": "53918642-bcc1-41f1-8dc3-d6bb09f49279",
		"name": "商户端",
		"schema": "https://schema.getpostman.com/json/collection/v2.1.0/collection.json",
		"_exporter_id": "1291049"
	},
	"item": [
		{
			"name": "MessageController",
			"item": [
				{
					"name": "发送短信（免密）",
					"request": {
						"method": "POST",
						"header": [
							{
								"key": "Content-Type",
								"value": "application/json",
								"type": "text"
							},
							{
								"key": "authorization",
								"value": "eyJ0eXAiOiJKV1QiLCJhbGciOiJIUzI1NiJ9.eyJ1c2VySWQiOiI3WXJ0WnJ1S0NvRk1KZmFDVGtUTEZ3PT0iLCJleHBhbmQiOiJyZ002a1lkaFp1Ym5wRHFEdFo0V0p3PT0iLCJleHAiOjE2ODA1MDEzMzgsIm5iZiI6MTY3OTg5NjUzOH0.yypjQLz0uHZ-KesP5DaqSNzyA7kebEQkYU3fVBS4w68",
								"type": "text"
							}
						],
						"body": {
							"mode": "raw",
							"raw": "{\n    \"type\": 1,\n    \"email\": \"754377887@qq.com\"\n}"
						},
						"url": {
							"raw": "http://127.0.0.1:9569/api/message/sendAuthCodeForFree",
							"protocol": "http",
							"host": [
								"127",
								"0",
								"0",
								"1"
							],
							"port": "9569",
							"path": [
								"api",
								"message",
								"sendAuthCodeForFree"
							]
						}
					},
					"response": []
				},
				{
					"name": "发送短信",
					"request": {
						"method": "POST",
						"header": [
							{
								"key": "Content-Type",
								"value": "application/json",
								"type": "text"
							},
							{
								"key": "Authorization",
								"value": "eyJ0eXAiOiJKV1QiLCJhbGciOiJIUzI1NiJ9.eyJ1c2VySWQiOiI3WXJ0WnJ1S0NvRk1KZmFDVGtUTEZ3PT0iLCJleHBhbmQiOiJyZ002a1lkaFp1Ym5wRHFEdFo0V0p3PT0iLCJleHAiOjE2ODE0ODY3NTksIm5iZiI6MTY4MDg4MTk1OX0.6zDTYa5dZ2XaSeeGejDc9yx9WaDIwz58bUl-uHn4D4c",
								"type": "text"
							}
						],
						"body": {
							"mode": "raw",
							"raw": "{\n    \"type\": 1\n}"
						},
						"url": {
							"raw": "http://127.0.0.1:9569/api/message/sendAuthCode",
							"protocol": "http",
							"host": [
								"127",
								"0",
								"0",
								"1"
							],
							"port": "9569",
							"path": [
								"api",
								"message",
								"sendAuthCode"
							]
						}
					},
					"response": []
				}
			]
		},
		{
			"name": "UserController",
			"item": [
				{
					"name": "用户详情",
					"protocolProfileBehavior": {
						"disableBodyPruning": true
					},
					"request": {
						"method": "GET",
						"header": [
							{
								"key": "Content-Type",
								"value": "application/json",
								"type": "text"
							},
							{
								"key": "authorization",
								"value": "eyJ0eXAiOiJKV1QiLCJhbGciOiJIUzI1NiJ9.eyJ1c2VySWQiOiJld05abTFVTnZNWE8vbHNPcE90QWV3PT0iLCJleHBhbmQiOiJyZ002a1lkaFp1Ym5wRHFEdFo0V0p3PT0iLCJleHAiOjE2ODE3MDM2NDgsIm5iZiI6MTY4MTA5ODg0OH0.PAWh79zocRxMkeqdm73Kx8c7fKFFTS2F2tQXbUIXKxM",
								"type": "text"
							}
						],
						"body": {
							"mode": "raw",
							"raw": "{\n    \"account\": \"admin\",\n    \"password\": \"123456\"\n}"
						},
						"url": {
							"raw": "http://127.0.0.1:9569/api/vccuser/get?id=23033023458",
							"protocol": "http",
							"host": [
								"127",
								"0",
								"0",
								"1"
							],
							"port": "9569",
							"path": [
								"api",
								"vccuser",
								"get"
							],
							"query": [
								{
									"key": "id",
									"value": "23033023458"
								}
							]
						}
					},
					"response": []
				},
				{
					"name": "登录",
					"request": {
						"method": "POST",
						"header": [
							{
								"key": "Content-Type",
								"value": "application/json",
								"type": "text"
							}
						],
						"body": {
							"mode": "raw",
							"raw": "{\n    \"account\": \"13707526255\",\n    \"password\": \"tp001\",\n    \"authCodeType\": 1,\n    \"authCode\": \"633380\"\n}"
						},
						"url": {
							"raw": "http://127.0.0.1:9569/api/vccuser/login",
							"protocol": "http",
							"host": [
								"127",
								"0",
								"0",
								"1"
							],
							"port": "9569",
							"path": [
								"api",
								"vccuser",
								"login"
							]
						}
					},
					"response": []
				},
				{
					"name": "注册",
					"request": {
						"method": "POST",
						"header": [
							{
								"key": "Content-Type",
								"value": "application/json",
								"type": "text"
							}
						],
						"body": {
							"mode": "raw",
							"raw": "{\n    \"account\": \"13707526255\",\n    \"username\": \"dev002\",\n    \"password\": \"123456\",\n    \"email\": \"754377887@qq.com\",\n    \"payPassword\": \"123456\",\n    \"remark\": \"\",\n    \"code\": \"5437\",\n    \"kycType\": \"1\",\n    \"authCodeType\": 0,\n    \"authCode\": \"119476\"\n}"
						},
						"url": {
							"raw": "http://127.0.0.1:9569/api/vccuser/externalRegister",
							"protocol": "http",
							"host": [
								"127",
								"0",
								"0",
								"1"
							],
							"port": "9569",
							"path": [
								"api",
								"vccuser",
								"externalRegister"
							]
						}
					},
					"response": []
				},
				{
					"name": "修改支付密码",
					"request": {
						"method": "POST",
						"header": [
							{
								"key": "Content-Type",
								"value": "application/json",
								"type": "text"
							},
							{
								"key": "authorization",
								"value": "eyJ0eXAiOiJKV1QiLCJhbGciOiJIUzI1NiJ9.eyJ1c2VySWQiOiI3WXJ0WnJ1S0NvRk1KZmFDVGtUTEZ3PT0iLCJleHBhbmQiOiJyZ002a1lkaFp1Ym5wRHFEdFo0V0p3PT0iLCJleHAiOjE2ODE0ODY3NTksIm5iZiI6MTY4MDg4MTk1OX0.6zDTYa5dZ2XaSeeGejDc9yx9WaDIwz58bUl-uHn4D4c",
								"type": "text"
							}
						],
						"body": {
							"mode": "raw",
							"raw": "{\n    \"payPassword\": \"new\",\n    \"sourcePayPassword\": \"123456\",\n    \"authCodeType\": 1,\n    \"authCode\": \"298600\"\n}"
						},
						"url": {
							"raw": "http://127.0.0.1:9569/api/vccuser/updatePayPassword",
							"protocol": "http",
							"host": [
								"127",
								"0",
								"0",
								"1"
							],
							"port": "9569",
							"path": [
								"api",
								"vccuser",
								"updatePayPassword"
							]
						}
					},
					"response": []
				}
			]
		},
		{
			"name": "CardController",
			"item": [
				{
					"name": "币种列表",
					"request": {
						"method": "POST",
						"header": [
							{
								"key": "Content-Type",
								"value": "application/json",
								"type": "text"
							},
							{
								"key": "authorization",
								"value": "eyJ0eXAiOiJKV1QiLCJhbGciOiJIUzI1NiJ9.eyJ1c2VySWQiOiI3WXJ0WnJ1S0NvRk1KZmFDVGtUTEZ3PT0iLCJleHBhbmQiOiJyZ002a1lkaFp1Ym5wRHFEdFo0V0p3PT0iLCJleHAiOjE2ODEzNTM1NDIsIm5iZiI6MTY4MDc0ODc0Mn0.aN3YheevcTLmvyK15fuF8VbXHpnme8kyhni2Kon1Eko",
								"type": "text"
							}
						],
						"body": {
							"mode": "raw",
							"raw": "{\n    \"type\": 1,\n    \"phone\": \"17612011092\"\n}"
						},
						"url": {
							"raw": "http://127.0.0.1:9569/api/currency/listAll",
							"protocol": "http",
							"host": [
								"127",
								"0",
								"0",
								"1"
							],
							"port": "9569",
							"path": [
								"api",
								"currency",
								"listAll"
							]
						}
					},
					"response": []
				},
				{
					"name": "卡组织列表",
					"protocolProfileBehavior": {
						"disableBodyPruning": true
					},
					"request": {
						"method": "GET",
						"header": [
							{
								"key": "Content-Type",
								"value": "application/json",
								"type": "text"
							},
							{
								"key": "authorization",
								"value": "eyJ0eXAiOiJKV1QiLCJhbGciOiJIUzI1NiJ9.eyJ1c2VySWQiOiI3WXJ0WnJ1S0NvRk1KZmFDVGtUTEZ3PT0iLCJleHBhbmQiOiJyZ002a1lkaFp1Ym5wRHFEdFo0V0p3PT0iLCJleHAiOjE2ODA1MDEzMzgsIm5iZiI6MTY3OTg5NjUzOH0.yypjQLz0uHZ-KesP5DaqSNzyA7kebEQkYU3fVBS4w68",
								"type": "text"
							}
						],
						"body": {
							"mode": "raw",
							"raw": "{\n    \"type\": 1,\n    \"phone\": \"17612011092\"\n}"
						},
						"url": {
							"raw": "http://127.0.0.1:9569/api/card/listAll",
							"protocol": "http",
							"host": [
								"127",
								"0",
								"0",
								"1"
							],
							"port": "9569",
							"path": [
								"api",
								"card",
								"listAll"
							]
						}
					},
					"response": []
				},
				{
					"name": "New Request",
					"request": {
						"method": "GET",
						"header": []
					},
					"response": []
				},
				{
					"name": "申请卡",
					"request": {
						"method": "POST",
						"header": [
							{
								"key": "Content-Type",
								"value": "application/json",
								"type": "text"
							},
							{
								"key": "Authorization",
								"value": "eyJ0eXAiOiJKV1QiLCJhbGciOiJIUzI1NiJ9.eyJ1c2VySWQiOiJld05abTFVTnZNWE8vbHNPcE90QWV3PT0iLCJleHBhbmQiOiJyZ002a1lkaFp1Ym5wRHFEdFo0V0p3PT0iLCJleHAiOjE2ODE3MDM2NDgsIm5iZiI6MTY4MTA5ODg0OH0.PAWh79zocRxMkeqdm73Kx8c7fKFFTS2F2tQXbUIXKxM",
								"type": "text"
							}
						],
						"body": {
							"mode": "raw",
							"raw": "{\n    \"amount\": \"10\",\n    \"count\": \"1\",\n    \"cardholderId\": \"23040955852\",\n    \"isShare\": false,\n    \"cardId\": \"1619166517504602113\",\n    \"currencyId\": \"1\",\n    \"currency\": \"USD\"\n}"
						},
						"url": {
							"raw": "http://127.0.0.1:9569/api/card/requestCard",
							"protocol": "http",
							"host": [
								"127",
								"0",
								"0",
								"1"
							],
							"port": "9569",
							"path": [
								"api",
								"card",
								"requestCard"
							]
						}
					},
					"response": []
				},
				{
					"name": "卡列表",
					"protocolProfileBehavior": {
						"disableBodyPruning": true
					},
					"request": {
						"method": "GET",
						"header": [
							{
								"key": "Content-Type",
								"value": "application/json",
								"type": "text"
							},
							{
								"key": "authorization",
								"value": "eyJ0eXAiOiJKV1QiLCJhbGciOiJIUzI1NiJ9.eyJ1c2VySWQiOiI3WXJ0WnJ1S0NvRk1KZmFDVGtUTEZ3PT0iLCJleHBhbmQiOiJyZ002a1lkaFp1Ym5wRHFEdFo0V0p3PT0iLCJleHAiOjE2ODA3NzM0MDcsIm5iZiI6MTY4MDE2ODYwN30.7WbQM3QR-_UpSCzkyntq15yotuXDNFFvWD8aheaPxAg",
								"type": "text"
							}
						],
						"body": {
							"mode": "raw",
							"raw": "{\n    \"account\": \"18620911092\",\n    \"username\": \"dev001\",\n    \"password\": \"123456\",\n    \"email\": \"lijinhnuer@163.com\",\n    \"payPassword\": \"123456\",\n    \"remark\": \"\",\n    \"code\": \"5437\",\n    \"kycType\": \"1\",\n    \"authCodeType\": 1,\n    \"authCode\": \"600722\"\n}"
						},
						"url": {
							"raw": "http://127.0.0.1:9569/api/card/paging",
							"protocol": "http",
							"host": [
								"127",
								"0",
								"0",
								"1"
							],
							"port": "9569",
							"path": [
								"api",
								"card",
								"paging"
							]
						}
					},
					"response": []
				}
			]
		},
		{
			"name": "CurrencyController",
			"item": [
				{
					"name": "添加币种",
					"request": {
						"method": "POST",
						"header": [
							{
								"key": "authorization",
								"value": "eyJ0eXAiOiJKV1QiLCJhbGciOiJIUzI1NiJ9.eyJ1c2VySWQiOiI2VVNZOEdVZlQxMVF1ZW5uNlZjbWhBPT0iLCJleHBhbmQiOiJ6Q2NUWUhWTHEyanJ6MFhGdUFCRWh3PT0iLCJleHAiOjE2ODE2MTM2MTMsIm5iZiI6MTY4MTAwODgxM30.y8TN65DLraoos9gCJ7rxUy3OMhVgffVKznQGi78z_D4",
								"type": "text"
							},
							{
								"key": "Content-type",
								"value": "application/json",
								"type": "text"
							}
						],
						"body": {
							"mode": "raw",
							"raw": "{\n    \"currency\": \"GBP\",\n    \"name\": \"英镑\"\n}"
						},
						"url": {
							"raw": "http://47.99.36.242/api/currency/addCurrency",
							"protocol": "http",
							"host": [
								"47",
								"99",
								"36",
								"242"
							],
							"path": [
								"api",
								"currency",
								"addCurrency"
							]
						}
					},
					"response": []
				}
			]
		},
		{
			"name": "RechargeLogController",
			"item": [
				{
					"name": "充值手续费计算",
					"request": {
						"method": "POST",
						"header": [
							{
								"key": "Content-Type",
								"value": "application/json",
								"type": "text"
							},
							{
								"key": "Authorization",
								"value": "eyJ0eXAiOiJKV1QiLCJhbGciOiJIUzI1NiJ9.eyJ1c2VySWQiOiI2VVNZOEdVZlQxMVF1ZW5uNlZjbWhBPT0iLCJleHBhbmQiOiJyZ002a1lkaFp1Ym5wRHFEdFo0V0p3PT0iLCJleHAiOjE2ODE2MTcxODYsIm5iZiI6MTY4MTAxMjM4Nn0.eTqmsWgYVLH5J6nlVnhU9oaQJE71uP4-cQ6k-Cs973c",
								"type": "text"
							}
						],
						"body": {
							"mode": "raw",
							"raw": "{\n    \"toCode\": \"USD\",\n    \"sourceCode\": \"USD\",\n    \"amount\": 100\n}"
						},
						"url": {
							"raw": "http://127.0.0.1:9569/api/rechargeLog/calcRechargeFee",
							"protocol": "http",
							"host": [
								"127",
								"0",
								"0",
								"1"
							],
							"port": "9569",
							"path": [
								"api",
								"rechargeLog",
								"calcRechargeFee"
							]
						}
					},
					"response": []
				},
				{
					"name": "充值",
					"request": {
						"method": "POST",
						"header": [
							{
								"key": "Content-Type",
								"value": "application/json",
								"type": "text"
							},
							{
								"key": "authorization",
								"value": "eyJ0eXAiOiJKV1QiLCJhbGciOiJIUzI1NiJ9.eyJ1c2VySWQiOiI2VVNZOEdVZlQxMVF1ZW5uNlZjbWhBPT0iLCJleHBhbmQiOiJyZ002a1lkaFp1Ym5wRHFEdFo0V0p3PT0iLCJleHAiOjE2ODE2MTcxODYsIm5iZiI6MTY4MTAxMjM4Nn0.eTqmsWgYVLH5J6nlVnhU9oaQJE71uP4-cQ6k-Cs973c",
								"type": "text"
							}
						],
						"body": {
							"mode": "raw",
							"raw": "{\n    \"remittanceAmount\": 100,\n    \"walletId\": \"1632567799258869762\",\n    \"remittanceCurrency\": \"USD\",\n    \"fileName\": \"1644937604904255488.jpg\"\n}"
						},
						"url": {
							"raw": "http://127.0.0.1:9569/api/rechargeLog/createOrder",
							"protocol": "http",
							"host": [
								"127",
								"0",
								"0",
								"1"
							],
							"port": "9569",
							"path": [
								"api",
								"rechargeLog",
								"createOrder"
							]
						}
					},
					"response": []
				}
			]
		},
		{
			"name": "TranController",
			"item": [
				{
					"name": "交易详情",
					"protocolProfileBehavior": {
						"disableBodyPruning": true
					},
					"request": {
						"method": "GET",
						"header": [
							{
								"key": "Content-Type",
								"value": "application/json",
								"type": "text"
							},
							{
								"key": "Authorization",
								"value": "eyJ0eXAiOiJKV1QiLCJhbGciOiJIUzI1NiJ9.eyJ1c2VySWQiOiI3WXJ0WnJ1S0NvRk1KZmFDVGtUTEZ3PT0iLCJleHBhbmQiOiJyZ002a1lkaFp1Ym5wRHFEdFo0V0p3PT0iLCJleHAiOjE2ODE0ODY3NTksIm5iZiI6MTY4MDg4MTk1OX0.6zDTYa5dZ2XaSeeGejDc9yx9WaDIwz58bUl-uHn4D4c",
								"type": "text"
							}
						],
						"body": {
							"mode": "raw",
							"raw": "{\n    \"toCode\": \"USD\",\n    \"sourceCode\": \"CNY\",\n    \"amount\": 100\n}"
						},
						"url": {
							"raw": "http://127.0.0.1:9569/api/trans/authDetail?authId=1624035091167662082",
							"protocol": "http",
							"host": [
								"127",
								"0",
								"0",
								"1"
							],
							"port": "9569",
							"path": [
								"api",
								"trans",
								"authDetail"
							],
							"query": [
								{
									"key": "authId",
									"value": "1624035091167662082"
								}
							]
						}
					},
					"response": []
				}
			]
		},
		{
			"name": "WalletDetailController",
			"item": [
				{
					"name": "账户明细列表",
					"request": {
						"method": "GET",
						"header": [
							{
								"key": "Content-Type",
								"value": "application/json",
								"type": "text"
							},
							{
								"key": "Authorization",
								"value": "eyJ0eXAiOiJKV1QiLCJhbGciOiJIUzI1NiJ9.eyJ1c2VySWQiOiJld05abTFVTnZNWE8vbHNPcE90QWV3PT0iLCJleHBhbmQiOiJyZ002a1lkaFp1Ym5wRHFEdFo0V0p3PT0iLCJleHAiOjE2ODE3MDM2NDgsIm5iZiI6MTY4MTA5ODg0OH0.PAWh79zocRxMkeqdm73Kx8c7fKFFTS2F2tQXbUIXKxM",
								"type": "text"
							}
						],
						"url": {
							"raw": "http://47.99.36.242/api/walletDetail/paging?startDate=2023-04-03&endDate=2023-04-10",
							"protocol": "http",
							"host": [
								"47",
								"99",
								"36",
								"242"
							],
							"path": [
								"api",
								"walletDetail",
								"paging"
							],
							"query": [
								{
									"key": "startDate",
									"value": "2023-04-03"
								},
								{
									"key": "endDate",
									"value": "2023-04-10"
								}
							]
						}
					},
					"response": []
				}
			]
		}
	]
}