{
	"info": {
		"_postman_id": "c2fa469a-b418-4bb4-a6d0-ec2d28dd40a9",
		"name": "管理后台",
		"schema": "https://schema.getpostman.com/json/collection/v2.1.0/collection.json",
		"_exporter_id": "1291049"
	},
	"item": [
		{
			"name": "BossUserController",
			"item": [
				{
					"name": "客户列表",
					"protocolProfileBehavior": {
						"disableBodyPruning": true
					},
					"request": {
						"method": "GET",
						"header": [
							{
								"key": "authorization",
								"value": "eyJ0eXAiOiJKV1QiLCJhbGciOiJIUzI1NiJ9.eyJ1c2VySWQiOiJUQ1k1NFZTN1dKMGRMNWpFajY5ZURsNEl1MXFWTkY4QmZPTnRzM0lTWW1FPSIsImV4cGFuZCI6InJnTTZrWWRoWnVibnBEcUR0WjRXSnc9PSIsImV4cCI6MTY4MTYxNTI2MiwibmJmIjoxNjgxMDEwNDYyfQ.bYGGLPq0c8LkDRMuvyxtqpqagL23XmzWt_fyqnkOWbc",
								"type": "text"
							}
						],
						"body": {
							"mode": "raw",
							"raw": "{\n    \"account\": \"17612011092\",\n    \"email\": \"lxmajs@163.com\",\n    \"username\": \"lxmajs\",\n    \"roleId\": 1,\n    \"password\": \"billselijin19920\"\n}"
						},
						"url": {
							"raw": "http://127.0.0.1:9568/bossUser/paging?current=1&size=20&keyword=1840",
							"protocol": "http",
							"host": [
								"127",
								"0",
								"0",
								"1"
							],
							"port": "9568",
							"path": [
								"bossUser",
								"paging"
							],
							"query": [
								{
									"key": "current",
									"value": "1"
								},
								{
									"key": "size",
									"value": "20"
								},
								{
									"key": "keyword",
									"value": "1840"
								}
							]
						}
					},
					"response": []
				},
				{
					"name": "添加客户",
					"request": {
						"method": "GET",
						"header": []
					},
					"response": []
				}
			]
		},
		{
			"name": "RateTemplateController",
			"item": [
				{
					"name": "列表",
					"protocolProfileBehavior": {
						"disableBodyPruning": true
					},
					"request": {
						"method": "GET",
						"header": [
							{
								"key": "authorization",
								"value": "eyJ0eXAiOiJKV1QiLCJhbGciOiJIUzI1NiJ9.eyJ1c2VySWQiOiJUQ1k1NFZTN1dKMGRMNWpFajY5ZURsNEl1MXFWTkY4QmZPTnRzM0lTWW1FPSIsImV4cGFuZCI6InJnTTZrWWRoWnVibnBEcUR0WjRXSnc9PSIsImV4cCI6MTY4MTYxNTI2MiwibmJmIjoxNjgxMDEwNDYyfQ.bYGGLPq0c8LkDRMuvyxtqpqagL23XmzWt_fyqnkOWbc",
								"type": "text"
							}
						],
						"body": {
							"mode": "raw",
							"raw": ""
						},
						"url": {
							"raw": "http://127.0.0.1:9568/rechargeLog/paging?current=1&size=20",
							"protocol": "http",
							"host": [
								"127",
								"0",
								"0",
								"1"
							],
							"port": "9568",
							"path": [
								"rechargeLog",
								"paging"
							],
							"query": [
								{
									"key": "current",
									"value": "1"
								},
								{
									"key": "size",
									"value": "20"
								}
							]
						}
					},
					"response": []
				},
				{
					"name": "客户费率",
					"request": {
						"method": "GET",
						"header": [
							{
								"key": "authorization",
								"value": "eyJ0eXAiOiJKV1QiLCJhbGciOiJIUzI1NiJ9.eyJ1c2VySWQiOiI3WXJ0WnJ1S0NvRk1KZmFDVGtUTEZ3PT0iLCJleHBhbmQiOiJyZ002a1lkaFp1Ym5wRHFEdFo0V0p3PT0iLCJleHAiOjE2Nzk1NTE1MzMsIm5iZiI6MTY3ODk0NjczM30.XaAv2-qEFABvv1KFJptF_676fYTftX3pSgLrHBv2Qwo",
								"type": "text"
							}
						],
						"url": {
							"raw": "http://127.0.0.1:9568/bossRate/paging?current=1&size=20",
							"protocol": "http",
							"host": [
								"127",
								"0",
								"0",
								"1"
							],
							"port": "9568",
							"path": [
								"bossRate",
								"paging"
							],
							"query": [
								{
									"key": "current",
									"value": "1"
								},
								{
									"key": "size",
									"value": "20"
								}
							]
						}
					},
					"response": []
				},
				{
					"name": "分页",
					"request": {
						"method": "GET",
						"header": [
							{
								"key": "authorization",
								"value": "eyJ0eXAiOiJKV1QiLCJhbGciOiJIUzI1NiJ9.eyJ1c2VySWQiOiJUQ1k1NFZTN1dKMGRMNWpFajY5ZURsNEl1MXFWTkY4QmZPTnRzM0lTWW1FPSIsImV4cGFuZCI6InJnTTZrWWRoWnVibnBEcUR0WjRXSnc9PSIsImV4cCI6MTY4MTYyNDI4NywibmJmIjoxNjgxMDE5NDg3fQ.eloBGhuV5wU0EbhZNGANcOxEeURREFrb4x9btFDfo5o",
								"type": "text"
							}
						],
						"url": {
							"raw": "http://127.0.0.1:9568/bossRateTemplate/paging?current=1&size=20",
							"protocol": "http",
							"host": [
								"127",
								"0",
								"0",
								"1"
							],
							"port": "9568",
							"path": [
								"bossRateTemplate",
								"paging"
							],
							"query": [
								{
									"key": "current",
									"value": "1"
								},
								{
									"key": "size",
									"value": "20"
								}
							]
						}
					},
					"response": []
				},
				{
					"name": "新建",
					"request": {
						"method": "POST",
						"header": [
							{
								"key": "authorization",
								"value": "eyJ0eXAiOiJKV1QiLCJhbGciOiJIUzI1NiJ9.eyJ1c2VySWQiOiJUQ1k1NFZTN1dKMGRMNWpFajY5ZURsNEl1MXFWTkY4QmZPTnRzM0lTWW1FPSIsImV4cGFuZCI6InJnTTZrWWRoWnVibnBEcUR0WjRXSnc9PSIsImV4cCI6MTY4MTYxNTI2MiwibmJmIjoxNjgxMDEwNDYyfQ.bYGGLPq0c8LkDRMuvyxtqpqagL23XmzWt_fyqnkOWbc",
								"type": "text"
							},
							{
								"key": "Content-Type",
								"value": "application/json",
								"type": "text"
							}
						],
						"body": {
							"mode": "raw",
							"raw": "{\n    \"templateId\": \"\",\n    \"templateName\": \"常用\",\n    \"rechargeFee\": {\n        \"type\": 1,\n        \"value\": \"1\"\n    },\n    \"segments\": [\n        {\n            \"numberSegment\": \"532959\",\n            \"applyCardFee\": {\n                \"type\": \"\",\n                \"value\": \"\"\n            },\n            \"transactionFee\": {\n                \"type\": \"\",\n                \"value\": \"\"\n            },\n            \"refundFee\": {\n                \"type\": \"\",\n                \"value\": \"\"\n            },\n            \"discardFee\": {\n                \"type\": \"\",\n                \"value\": \"\"\n            },\n            \"failedFee\": {\n                \"type\": \"\",\n                \"value\": \"\"\n            }\n        }\n    ]\n}"
						},
						"url": {
							"raw": "http://127.0.0.1:9568/bossRateTemplate/createRateTemplate",
							"protocol": "http",
							"host": [
								"127",
								"0",
								"0",
								"1"
							],
							"port": "9568",
							"path": [
								"bossRateTemplate",
								"createRateTemplate"
							]
						}
					},
					"response": []
				}
			]
		},
		{
			"name": "UserRateController",
			"item": [
				{
					"name": "分页",
					"request": {
						"method": "GET",
						"header": [
							{
								"key": "authorization",
								"value": "eyJ0eXAiOiJKV1QiLCJhbGciOiJIUzI1NiJ9.eyJ1c2VySWQiOiI3WXJ0WnJ1S0NvRk1KZmFDVGtUTEZ3PT0iLCJleHBhbmQiOiJyZ002a1lkaFp1Ym5wRHFEdFo0V0p3PT0iLCJleHAiOjE2ODAxODI2MjksIm5iZiI6MTY3OTU3NzgyOX0.xo5x_8mDvttbl1r5y5bW4wCgufDNK70COoR8qM5zCGU",
								"type": "text"
							}
						],
						"url": {
							"raw": "http://127.0.0.1:9568/bossUserRate/paging?current=1&size=20",
							"protocol": "http",
							"host": [
								"127",
								"0",
								"0",
								"1"
							],
							"port": "9568",
							"path": [
								"bossUserRate",
								"paging"
							],
							"query": [
								{
									"key": "current",
									"value": "1"
								},
								{
									"key": "size",
									"value": "20"
								}
							]
						}
					},
					"response": []
				},
				{
					"name": "新建",
					"request": {
						"method": "POST",
						"header": [
							{
								"key": "authorization",
								"value": "eyJ0eXAiOiJKV1QiLCJhbGciOiJIUzI1NiJ9.eyJ1c2VySWQiOiI3WXJ0WnJ1S0NvRk1KZmFDVGtUTEZ3PT0iLCJleHBhbmQiOiJyZ002a1lkaFp1Ym5wRHFEdFo0V0p3PT0iLCJleHAiOjE2Nzk1NTE1MzMsIm5iZiI6MTY3ODk0NjczM30.XaAv2-qEFABvv1KFJptF_676fYTftX3pSgLrHBv2Qwo",
								"type": "text"
							},
							{
								"key": "Content-type",
								"value": "application/json",
								"type": "text"
							}
						],
						"body": {
							"mode": "raw",
							"raw": "{\n    \"id\": 1,\n    \"expend\": 0,\n    \"balance\": 0,\n    \"place\": \"呵呵\"\n}"
						},
						"url": {
							"raw": "http://127.0.0.1:9568/bossUserRate/createCapitalAccount",
							"protocol": "http",
							"host": [
								"127",
								"0",
								"0",
								"1"
							],
							"port": "9568",
							"path": [
								"bossUserRate",
								"createCapitalAccount"
							]
						}
					},
					"response": []
				},
				{
					"name": "http://127.0.0.1:9568/bossUserRate/paging?current=1&size=20",
					"request": {
						"method": "GET",
						"header": [
							{
								"key": "Authorization",
								"value": "eyJ0eXAiOiJKV1QiLCJhbGciOiJIUzI1NiJ9.eyJ1c2VySWQiOiJUQ1k1NFZTN1dKMGRMNWpFajY5ZURsNEl1MXFWTkY4QmZPTnRzM0lTWW1FPSIsImV4cGFuZCI6InJnTTZrWWRoWnVibnBEcUR0WjRXSnc9PSIsImV4cCI6MTY4MTU2NTE4MywibmJmIjoxNjgwOTYwMzgzfQ.l-QVK_c95byJsnSTiDnKXPC9xwk52M6tUoci1PgTwmg",
								"type": "text"
							},
							{
								"key": "Content-Type",
								"value": "application/json",
								"type": "text"
							}
						],
						"url": {
							"raw": "http://127.0.0.1:9568/bossUserRate/paging?current=1&size=20",
							"protocol": "http",
							"host": [
								"127",
								"0",
								"0",
								"1"
							],
							"port": "9568",
							"path": [
								"bossUserRate",
								"paging"
							],
							"query": [
								{
									"key": "current",
									"value": "1"
								},
								{
									"key": "size",
									"value": "20"
								}
							]
						}
					},
					"response": []
				}
			]
		},
		{
			"name": "AccountController",
			"item": [
				{
					"name": "列表",
					"request": {
						"method": "GET",
						"header": [
							{
								"key": "authorization",
								"value": "eyJ0eXAiOiJKV1QiLCJhbGciOiJIUzI1NiJ9.eyJ1c2VySWQiOiI3WXJ0WnJ1S0NvRk1KZmFDVGtUTEZ3PT0iLCJleHBhbmQiOiJyZ002a1lkaFp1Ym5wRHFEdFo0V0p3PT0iLCJleHAiOjE2Nzk1NTE1MzMsIm5iZiI6MTY3ODk0NjczM30.XaAv2-qEFABvv1KFJptF_676fYTftX3pSgLrHBv2Qwo",
								"type": "text"
							}
						],
						"url": {
							"raw": "http://127.0.0.1:9568/bossAccount/paging?current=1&size=20",
							"protocol": "http",
							"host": [
								"127",
								"0",
								"0",
								"1"
							],
							"port": "9568",
							"path": [
								"bossAccount",
								"paging"
							],
							"query": [
								{
									"key": "current",
									"value": "1"
								},
								{
									"key": "size",
									"value": "20"
								}
							]
						}
					},
					"response": []
				},
				{
					"name": "新建",
					"request": {
						"method": "POST",
						"header": [
							{
								"key": "authorization",
								"value": "eyJ0eXAiOiJKV1QiLCJhbGciOiJIUzI1NiJ9.eyJ1c2VySWQiOiI3WXJ0WnJ1S0NvRk1KZmFDVGtUTEZ3PT0iLCJleHBhbmQiOiJyZ002a1lkaFp1Ym5wRHFEdFo0V0p3PT0iLCJleHAiOjE2Nzk1NTE1MzMsIm5iZiI6MTY3ODk0NjczM30.XaAv2-qEFABvv1KFJptF_676fYTftX3pSgLrHBv2Qwo",
								"type": "text"
							},
							{
								"key": "Content-type",
								"value": "application/json",
								"type": "text"
							}
						],
						"body": {
							"mode": "raw",
							"raw": "{\n    \"id\": 1,\n    \"type\": 0,\n    \"place\": \"呵呵\",\n    \"amount\": \"111\"\n}"
						},
						"url": {
							"raw": "http://127.0.0.1:9568/bossAccount/createAccount",
							"protocol": "http",
							"host": [
								"127",
								"0",
								"0",
								"1"
							],
							"port": "9568",
							"path": [
								"bossAccount",
								"createAccount"
							]
						}
					},
					"response": []
				},
				{
					"name": "编辑",
					"request": {
						"method": "POST",
						"header": [
							{
								"key": "authorization",
								"value": "eyJ0eXAiOiJKV1QiLCJhbGciOiJIUzI1NiJ9.eyJ1c2VySWQiOiI3WXJ0WnJ1S0NvRk1KZmFDVGtUTEZ3PT0iLCJleHBhbmQiOiJyZ002a1lkaFp1Ym5wRHFEdFo0V0p3PT0iLCJleHAiOjE2Nzk1NTE1MzMsIm5iZiI6MTY3ODk0NjczM30.XaAv2-qEFABvv1KFJptF_676fYTftX3pSgLrHBv2Qwo",
								"type": "text"
							},
							{
								"key": "Content-type",
								"value": "application/json",
								"type": "text"
							}
						],
						"body": {
							"mode": "raw",
							"raw": "{\n    \"id\": 1637748637851742209,\n    \"accountName\": \"lxmajs\",\n    \"type\": 0,\n    \"place\": \"呵呵11111\",\n    \"amount\": \"111\"\n}"
						},
						"url": {
							"raw": "http://127.0.0.1:9568/bossAccount/updateAccount",
							"protocol": "http",
							"host": [
								"127",
								"0",
								"0",
								"1"
							],
							"port": "9568",
							"path": [
								"bossAccount",
								"updateAccount"
							]
						}
					},
					"response": []
				},
				{
					"name": "删除",
					"request": {
						"method": "POST",
						"header": [
							{
								"key": "authorization",
								"value": "eyJ0eXAiOiJKV1QiLCJhbGciOiJIUzI1NiJ9.eyJ1c2VySWQiOiI3WXJ0WnJ1S0NvRk1KZmFDVGtUTEZ3PT0iLCJleHBhbmQiOiJyZ002a1lkaFp1Ym5wRHFEdFo0V0p3PT0iLCJleHAiOjE2Nzk1NTE1MzMsIm5iZiI6MTY3ODk0NjczM30.XaAv2-qEFABvv1KFJptF_676fYTftX3pSgLrHBv2Qwo",
								"type": "text"
							},
							{
								"key": "Content-type",
								"value": "application/json",
								"type": "text"
							}
						],
						"body": {
							"mode": "raw",
							"raw": "{\n    \"id\": 1637748637851742209\n}"
						},
						"url": {
							"raw": "http://127.0.0.1:9568/bossAccount/deleteAccount",
							"protocol": "http",
							"host": [
								"127",
								"0",
								"0",
								"1"
							],
							"port": "9568",
							"path": [
								"bossAccount",
								"deleteAccount"
							]
						}
					},
					"response": []
				}
			]
		},
		{
			"name": "ReceiptAccountController",
			"item": [
				{
					"name": "列表",
					"request": {
						"method": "GET",
						"header": [
							{
								"key": "authorization",
								"value": "eyJ0eXAiOiJKV1QiLCJhbGciOiJIUzI1NiJ9.eyJ1c2VySWQiOiI3WXJ0WnJ1S0NvRk1KZmFDVGtUTEZ3PT0iLCJleHBhbmQiOiJyZ002a1lkaFp1Ym5wRHFEdFo0V0p3PT0iLCJleHAiOjE2Nzk1NTE1MzMsIm5iZiI6MTY3ODk0NjczM30.XaAv2-qEFABvv1KFJptF_676fYTftX3pSgLrHBv2Qwo",
								"type": "text"
							}
						],
						"url": {
							"raw": "http://127.0.0.1:9568/bossAccount/paging?current=1&size=20",
							"protocol": "http",
							"host": [
								"127",
								"0",
								"0",
								"1"
							],
							"port": "9568",
							"path": [
								"bossAccount",
								"paging"
							],
							"query": [
								{
									"key": "current",
									"value": "1"
								},
								{
									"key": "size",
									"value": "20"
								}
							]
						}
					},
					"response": []
				},
				{
					"name": "新建",
					"request": {
						"method": "POST",
						"header": [
							{
								"key": "authorization",
								"value": "eyJ0eXAiOiJKV1QiLCJhbGciOiJIUzI1NiJ9.eyJ1c2VySWQiOiI3WXJ0WnJ1S0NvRk1KZmFDVGtUTEZ3PT0iLCJleHBhbmQiOiJyZ002a1lkaFp1Ym5wRHFEdFo0V0p3PT0iLCJleHAiOjE2Nzk1NTE1MzMsIm5iZiI6MTY3ODk0NjczM30.XaAv2-qEFABvv1KFJptF_676fYTftX3pSgLrHBv2Qwo",
								"type": "text"
							},
							{
								"key": "Content-type",
								"value": "application/json",
								"type": "text"
							}
						],
						"body": {
							"mode": "raw",
							"raw": "{\n    \"id\": 1,\n    \"accountName\": \"lxmajs\",\n    \"type\": 0,\n    \"place\": \"呵呵\",\n    \"amount\": \"111\"\n}"
						},
						"url": {
							"raw": "http://127.0.0.1:9568/bossReceiptAccount/createReceiptAccount",
							"protocol": "http",
							"host": [
								"127",
								"0",
								"0",
								"1"
							],
							"port": "9568",
							"path": [
								"bossReceiptAccount",
								"createReceiptAccount"
							]
						}
					},
					"response": []
				},
				{
					"name": "编辑",
					"request": {
						"method": "POST",
						"header": [
							{
								"key": "authorization",
								"value": "eyJ0eXAiOiJKV1QiLCJhbGciOiJIUzI1NiJ9.eyJ1c2VySWQiOiI3WXJ0WnJ1S0NvRk1KZmFDVGtUTEZ3PT0iLCJleHBhbmQiOiJyZ002a1lkaFp1Ym5wRHFEdFo0V0p3PT0iLCJleHAiOjE2Nzk1NTE1MzMsIm5iZiI6MTY3ODk0NjczM30.XaAv2-qEFABvv1KFJptF_676fYTftX3pSgLrHBv2Qwo",
								"type": "text"
							},
							{
								"key": "Content-type",
								"value": "application/json",
								"type": "text"
							}
						],
						"body": {
							"mode": "raw",
							"raw": "{\n    \"id\": 1637748637851742209,\n    \"accountName\": \"lxmajs\",\n    \"type\": 0,\n    \"place\": \"呵呵11111\",\n    \"amount\": \"111\"\n}"
						},
						"url": {
							"raw": "http://127.0.0.1:9568/bossAccount/updateAccount",
							"protocol": "http",
							"host": [
								"127",
								"0",
								"0",
								"1"
							],
							"port": "9568",
							"path": [
								"bossAccount",
								"updateAccount"
							]
						}
					},
					"response": []
				},
				{
					"name": "删除",
					"request": {
						"method": "POST",
						"header": [
							{
								"key": "authorization",
								"value": "eyJ0eXAiOiJKV1QiLCJhbGciOiJIUzI1NiJ9.eyJ1c2VySWQiOiI3WXJ0WnJ1S0NvRk1KZmFDVGtUTEZ3PT0iLCJleHBhbmQiOiJyZ002a1lkaFp1Ym5wRHFEdFo0V0p3PT0iLCJleHAiOjE2Nzk1NTE1MzMsIm5iZiI6MTY3ODk0NjczM30.XaAv2-qEFABvv1KFJptF_676fYTftX3pSgLrHBv2Qwo",
								"type": "text"
							},
							{
								"key": "Content-type",
								"value": "application/json",
								"type": "text"
							}
						],
						"body": {
							"mode": "raw",
							"raw": "{\n    \"id\": 1637754671525859329\n}"
						},
						"url": {
							"raw": "http://127.0.0.1:9568/bossReceiptAccount/deleteReceiptAccount",
							"protocol": "http",
							"host": [
								"127",
								"0",
								"0",
								"1"
							],
							"port": "9568",
							"path": [
								"bossReceiptAccount",
								"deleteReceiptAccount"
							]
						}
					},
					"response": []
				}
			]
		},
		{
			"name": "CapitalAccountController",
			"item": [
				{
					"name": "列表",
					"request": {
						"method": "GET",
						"header": [
							{
								"key": "authorization",
								"value": "eyJ0eXAiOiJKV1QiLCJhbGciOiJIUzI1NiJ9.eyJ1c2VySWQiOiI3WXJ0WnJ1S0NvRk1KZmFDVGtUTEZ3PT0iLCJleHBhbmQiOiJyZ002a1lkaFp1Ym5wRHFEdFo0V0p3PT0iLCJleHAiOjE2Nzk1NTE1MzMsIm5iZiI6MTY3ODk0NjczM30.XaAv2-qEFABvv1KFJptF_676fYTftX3pSgLrHBv2Qwo",
								"type": "text"
							}
						],
						"url": {
							"raw": "http://127.0.0.1:9568/bossCapitalAccount/paging?current=1&size=20",
							"protocol": "http",
							"host": [
								"127",
								"0",
								"0",
								"1"
							],
							"port": "9568",
							"path": [
								"bossCapitalAccount",
								"paging"
							],
							"query": [
								{
									"key": "current",
									"value": "1"
								},
								{
									"key": "size",
									"value": "20"
								}
							]
						}
					},
					"response": []
				},
				{
					"name": "新建",
					"request": {
						"method": "POST",
						"header": [
							{
								"key": "authorization",
								"value": "eyJ0eXAiOiJKV1QiLCJhbGciOiJIUzI1NiJ9.eyJ1c2VySWQiOiI3WXJ0WnJ1S0NvRk1KZmFDVGtUTEZ3PT0iLCJleHBhbmQiOiJyZ002a1lkaFp1Ym5wRHFEdFo0V0p3PT0iLCJleHAiOjE2Nzk1NTE1MzMsIm5iZiI6MTY3ODk0NjczM30.XaAv2-qEFABvv1KFJptF_676fYTftX3pSgLrHBv2Qwo",
								"type": "text"
							},
							{
								"key": "Content-type",
								"value": "application/json",
								"type": "text"
							}
						],
						"body": {
							"mode": "raw",
							"raw": "{\n    \"id\": 1,\n    \"expend\": 0,\n    \"balance\": 0,\n    \"place\": \"呵呵\"\n}"
						},
						"url": {
							"raw": "http://127.0.0.1:9568/bossCapitalAccount/createCapitalAccount",
							"protocol": "http",
							"host": [
								"127",
								"0",
								"0",
								"1"
							],
							"port": "9568",
							"path": [
								"bossCapitalAccount",
								"createCapitalAccount"
							]
						}
					},
					"response": []
				},
				{
					"name": "编辑",
					"request": {
						"method": "POST",
						"header": [
							{
								"key": "authorization",
								"value": "eyJ0eXAiOiJKV1QiLCJhbGciOiJIUzI1NiJ9.eyJ1c2VySWQiOiI3WXJ0WnJ1S0NvRk1KZmFDVGtUTEZ3PT0iLCJleHBhbmQiOiJyZ002a1lkaFp1Ym5wRHFEdFo0V0p3PT0iLCJleHAiOjE2Nzk1NTE1MzMsIm5iZiI6MTY3ODk0NjczM30.XaAv2-qEFABvv1KFJptF_676fYTftX3pSgLrHBv2Qwo",
								"type": "text"
							},
							{
								"key": "Content-type",
								"value": "application/json",
								"type": "text"
							}
						],
						"body": {
							"mode": "raw",
							"raw": "{\n    \"id\": 1637767530100060162,\n    \"expend\": 1,\n    \"balance\": 100,\n    \"place\": \"呵呵11111\"\n}"
						},
						"url": {
							"raw": "http://127.0.0.1:9568/bossCapitalAccount/updateCapitalAccount",
							"protocol": "http",
							"host": [
								"127",
								"0",
								"0",
								"1"
							],
							"port": "9568",
							"path": [
								"bossCapitalAccount",
								"updateCapitalAccount"
							]
						}
					},
					"response": []
				},
				{
					"name": "删除",
					"request": {
						"method": "POST",
						"header": [
							{
								"key": "authorization",
								"value": "eyJ0eXAiOiJKV1QiLCJhbGciOiJIUzI1NiJ9.eyJ1c2VySWQiOiI3WXJ0WnJ1S0NvRk1KZmFDVGtUTEZ3PT0iLCJleHBhbmQiOiJyZ002a1lkaFp1Ym5wRHFEdFo0V0p3PT0iLCJleHAiOjE2Nzk1NTE1MzMsIm5iZiI6MTY3ODk0NjczM30.XaAv2-qEFABvv1KFJptF_676fYTftX3pSgLrHBv2Qwo",
								"type": "text"
							},
							{
								"key": "Content-type",
								"value": "application/json",
								"type": "text"
							}
						],
						"body": {
							"mode": "raw",
							"raw": "{\n    \"id\": 1637754671525859329\n}"
						},
						"url": {
							"raw": "http://127.0.0.1:9568/bossReceiptAccount/deleteReceiptAccount",
							"protocol": "http",
							"host": [
								"127",
								"0",
								"0",
								"1"
							],
							"port": "9568",
							"path": [
								"bossReceiptAccount",
								"deleteReceiptAccount"
							]
						}
					},
					"response": []
				}
			]
		},
		{
			"name": "UserCardController",
			"item": [
				{
					"name": "卡列表（分页）",
					"protocolProfileBehavior": {
						"disableBodyPruning": true
					},
					"request": {
						"method": "GET",
						"header": [
							{
								"key": "authorization",
								"value": "eyJ0eXAiOiJKV1QiLCJhbGciOiJIUzI1NiJ9.eyJ1c2VySWQiOiJUQ1k1NFZTN1dKMGRMNWpFajY5ZURsNEl1MXFWTkY4QmZPTnRzM0lTWW1FPSIsImV4cGFuZCI6InJnTTZrWWRoWnVibnBEcUR0WjRXSnc9PSIsImV4cCI6MTY4MTY1MTM0NCwibmJmIjoxNjgxMDQ2NTQ0fQ.qxEU6j6paSmKks9v5Sh8gM2SsddFaYwCTzcI3g-LB8k",
								"type": "text"
							}
						],
						"body": {
							"mode": "raw",
							"raw": ""
						},
						"url": {
							"raw": "http://127.0.0.1:9568/bossVccCard/paging?current=1&size=20",
							"protocol": "http",
							"host": [
								"127",
								"0",
								"0",
								"1"
							],
							"port": "9568",
							"path": [
								"bossVccCard",
								"paging"
							],
							"query": [
								{
									"key": "current",
									"value": "1"
								},
								{
									"key": "size",
									"value": "20"
								}
							]
						}
					},
					"response": []
				},
				{
					"name": "卡详情",
					"request": {
						"method": "GET",
						"header": [
							{
								"key": "authorization",
								"value": "eyJ0eXAiOiJKV1QiLCJhbGciOiJIUzI1NiJ9.eyJ1c2VySWQiOiJUQ1k1NFZTN1dKMGRMNWpFajY5ZURsNEl1MXFWTkY4QmZPTnRzM0lTWW1FPSIsImV4cGFuZCI6InJnTTZrWWRoWnVibnBEcUR0WjRXSnc9PSIsImV4cCI6MTY4MDQzODA0NSwibmJmIjoxNjc5ODMzMjQ1fQ.lgOHlsg11Gy54o-JiWYAUHQbhxzBedYt2jQIY4h-Jhc",
								"type": "text"
							}
						],
						"url": {
							"raw": "http://127.0.0.1:9568/bossVccCard/get?id=1639168560638001153",
							"protocol": "http",
							"host": [
								"127",
								"0",
								"0",
								"1"
							],
							"port": "9568",
							"path": [
								"bossVccCard",
								"get"
							],
							"query": [
								{
									"key": "id",
									"value": "1639168560638001153"
								}
							]
						}
					},
					"response": []
				}
			]
		},
		{
			"name": "RechargeLogController",
			"item": [
				{
					"name": "审核",
					"request": {
						"method": "POST",
						"header": [
							{
								"key": "authorization",
								"value": "eyJ0eXAiOiJKV1QiLCJhbGciOiJIUzI1NiJ9.eyJ1c2VySWQiOiJUQ1k1NFZTN1dKMGRMNWpFajY5ZURsNEl1MXFWTkY4QmZPTnRzM0lTWW1FPSIsImV4cGFuZCI6InJnTTZrWWRoWnVibnBEcUR0WjRXSnc9PSIsImV4cCI6MTY4MTYxNTI2MiwibmJmIjoxNjgxMDEwNDYyfQ.bYGGLPq0c8LkDRMuvyxtqpqagL23XmzWt_fyqnkOWbc",
								"type": "text"
							}
						],
						"body": {
							"mode": "raw",
							"raw": "{\n    \"id\": \"1645030935127240706\",\n    \"remark\": \"1\",\n    \"status\": true\n}",
							"options": {
								"raw": {
									"language": "json"
								}
							}
						},
						"url": {
							"raw": "http://127.0.0.1:9568/rechargeLog/audit",
							"protocol": "http",
							"host": [
								"127",
								"0",
								"0",
								"1"
							],
							"port": "9568",
							"path": [
								"rechargeLog",
								"audit"
							]
						}
					},
					"response": []
				}
			]
		},
		{
			"name": "注册",
			"request": {
				"method": "POST",
				"header": [
					{
						"key": "userId",
						"value": "0",
						"type": "text"
					}
				],
				"body": {
					"mode": "raw",
					"raw": "{\n    \"account\": \"17612011092\",\n    \"email\": \"lxmajs@163.com\",\n    \"username\": \"lxmajs\",\n    \"roleId\": 1,\n    \"password\": \"billselijin19920\"\n}"
				},
				"url": {
					"raw": "http://127.0.0.1:9568/bossOperationUser/register",
					"protocol": "http",
					"host": [
						"127",
						"0",
						"0",
						"1"
					],
					"port": "9568",
					"path": [
						"bossOperationUser",
						"register"
					]
				}
			},
			"response": []
		},
		{
			"name": "登录",
			"request": {
				"method": "POST",
				"header": [
					{
						"key": "userId",
						"value": "0",
						"type": "text",
						"disabled": true
					},
					{
						"key": "Content-type",
						"value": "application/json",
						"type": "text"
					}
				],
				"body": {
					"mode": "raw",
					"raw": "{\n    \"account\": \"13567104180\",\n    \"password\": \"jll567tp\"\n}"
				},
				"url": {
					"raw": "http://127.0.0.1:9568/bossOperationUser/login",
					"protocol": "http",
					"host": [
						"127",
						"0",
						"0",
						"1"
					],
					"port": "9568",
					"path": [
						"bossOperationUser",
						"login"
					]
				}
			},
			"response": []
		},
		{
			"name": "登录",
			"request": {
				"method": "POST",
				"header": [
					{
						"key": "userId",
						"value": "0",
						"type": "text",
						"disabled": true
					},
					{
						"key": "Content-type",
						"value": "application/json",
						"type": "text"
					}
				],
				"body": {
					"mode": "raw",
					"raw": "{\n    \"account\": \"admin\",\n    \"password\": \"123456\"\n}"
				},
				"url": {
					"raw": "http://127.0.0.1:9568/bossOperationUser/login",
					"protocol": "http",
					"host": [
						"127",
						"0",
						"0",
						"1"
					],
					"port": "9568",
					"path": [
						"bossOperationUser",
						"login"
					]
				}
			},
			"response": []
		}
	]
}